Destino,TIempo hospedaje,Presupuesto,Hospedaje,Transporte,Alimentacion,Interes,Interes 2
Medellin,14,1717337,1,3,6,vida nocturna,cultura
Medellin,6,1920412,1,3,5,musica,cultura
Medellin,18,1949301,1,3,5,vida nocturna,cultura
Medellin,8,1780596,1,3,6,vida nocturna,cultura
Medellin,20,1935219,1,2,5,musica,cultura
Medellin,4,1855121,1,2,6,musica,deporte
Medellin,9,1370510,1,3,6,musica,cultura
Medellin,20,1084717,1,2,5,musica,cultura
Medellin,8,858359,0,2,5,vida nocturna,deporte
Medellin,13,1679412,1,2,6,vida nocturna,deporte
Medellin,17,1549489,1,2,5,vida nocturna,deporte
Medellin,9,1027265,1,3,6,vida nocturna,cultura
Medellin,18,1659555,1,3,5,vida nocturna,deporte
Medellin,9,1646488,1,2,5,vida nocturna,deporte
Medellin,7,1581885,1,3,5,vida nocturna,cultura
Medellin,5,1520190,1,3,6,vida nocturna,cultura
Medellin,14,1225003,1,2,5,vida nocturna,cultura
Medellin,3,1827266,1,3,5,musica,deporte
Medellin,9,617289,0,2,6,musica,cultura
Medellin,9,1736275,1,3,6,vida nocturna,cultura
Medellin,19,1333553,1,2,6,musica,cultura
Medellin,6,1306633,1,2,6,vida nocturna,deporte
Medellin,7,687290,0,2,6,musica,cultura
Medellin,20,1334220,1,2,5,vida nocturna,deporte
Medellin,20,1677380,1,2,6,musica,deporte
Medellin,8,1494771,1,2,6,musica,deporte
Medellin,17,1226185,1,2,6,vida nocturna,cultura
Medellin,9,1712726,1,2,5,vida nocturna,cultura
Medellin,10,1297588,1,2,5,vida nocturna,cultura
Medellin,12,1352787,1,2,6,musica,deporte
Medellin,4,630845,0,2,5,vida nocturna,deporte
Medellin,6,1767051,1,2,5,vida nocturna,cultura
Medellin,17,1602955,1,3,6,vida nocturna,deporte
Medellin,10,1737501,1,3,5,musica,deporte
Medellin,18,1831413,1,3,6,musica,cultura
Medellin,17,1462365,1,2,6,musica,cultura
Medellin,18,1434388,1,2,5,musica,deporte
Medellin,5,1173891,1,2,5,musica,cultura
Medellin,9,1076315,1,2,6,vida nocturna,cultura
Medellin,16,1015086,1,2,6,vida nocturna,cultura
Medellin,17,1507127,1,2,6,musica,cultura
Medellin,11,1301336,1,2,6,vida nocturna,deporte
Medellin,7,679062,0,2,6,musica,deporte
Medellin,17,1862515,1,3,5,vida nocturna,cultura
Medellin,10,1812734,1,2,6,vida nocturna,deporte
Medellin,8,622608,0,3,6,vida nocturna,deporte
Medellin,6,1962035,1,2,5,vida nocturna,deporte
Medellin,2,1775948,1,2,5,vida nocturna,deporte
Medellin,15,1443958,1,3,5,vida nocturna,cultura
Medellin,6,554181,0,2,6,vida nocturna,deporte
Medellin,18,1048283,1,3,5,vida nocturna,cultura
Medellin,9,714270,0,2,6,musica,deporte
Medellin,3,1978041,1,3,6,musica,deporte
Medellin,5,953570,0,3,5,vida nocturna,deporte
Medellin,5,1351170,1,3,5,vida nocturna,cultura
Medellin,19,1914578,1,3,6,vida nocturna,cultura
Medellin,8,1232919,1,2,5,vida nocturna,deporte
Medellin,8,1391919,1,3,5,musica,deporte
Medellin,20,1513818,1,3,6,musica,cultura
Medellin,8,1070688,1,3,6,musica,cultura
Medellin,4,1760249,1,2,6,vida nocturna,deporte
Medellin,14,1474710,1,3,6,vida nocturna,deporte
Medellin,13,1926199,1,3,5,vida nocturna,deporte
Medellin,9,1839929,1,2,6,musica,cultura
Medellin,13,1418123,1,3,6,musica,deporte
Medellin,19,1210906,1,3,5,musica,deporte
Medellin,7,1780368,1,2,5,musica,cultura
Medellin,7,694105,0,3,6,vida nocturna,deporte
Medellin,17,1094110,1,2,5,vida nocturna,cultura
Medellin,10,1849787,1,3,5,vida nocturna,deporte
Medellin,14,1926737,1,2,5,vida nocturna,cultura
Medellin,15,1202614,1,2,5,vida nocturna,deporte
Medellin,3,1974515,1,2,5,musica,deporte
Medellin,14,1183630,1,3,6,vida nocturna,cultura
Medellin,16,1050755,1,3,6,musica,deporte
Medellin,9,1929079,1,3,6,musica,deporte
Medellin,12,1999144,1,3,5,musica,deporte
Medellin,10,1484163,1,2,6,musica,cultura
Medellin,9,1853051,1,3,6,vida nocturna,cultura
Medellin,14,1904764,1,2,6,musica,cultura
Medellin,17,1527522,1,3,6,musica,cultura
Medellin,8,685740,0,2,5,vida nocturna,deporte
Medellin,15,1163402,1,3,5,vida nocturna,cultura
Medellin,18,1645100,1,2,5,musica,deporte
Medellin,15,1768724,1,2,6,vida nocturna,cultura
Medellin,19,1455655,1,2,5,musica,deporte
Medellin,6,1521394,1,2,5,musica,deporte
Medellin,4,1415521,1,2,6,vida nocturna,cultura
Medellin,6,1349036,1,2,5,vida nocturna,cultura
Medellin,7,1359264,1,2,6,musica,deporte
Medellin,18,1976014,1,3,5,vida nocturna,deporte
Medellin,7,1303032,1,3,5,vida nocturna,cultura
Medellin,5,1660022,1,3,5,vida nocturna,cultura
Medellin,7,1728677,1,3,5,musica,deporte
Medellin,9,1694528,1,2,6,vida nocturna,cultura
Medellin,14,1056244,1,3,6,musica,cultura
Medellin,20,1472658,1,2,5,musica,deporte
Medellin,20,1170995,1,2,5,musica,cultura
Medellin,5,1459082,1,3,5,vida nocturna,deporte
Medellin,17,1214650,1,3,5,vida nocturna,cultura
Medellin,4,1399034,1,2,5,musica,deporte
Medellin,11,1863011,1,2,5,vida nocturna,deporte
Medellin,17,1431819,1,2,5,musica,deporte
Medellin,16,1859228,1,3,5,vida nocturna,deporte
Medellin,12,1784298,1,3,6,vida nocturna,deporte
Medellin,17,1877031,1,2,5,musica,cultura
Medellin,20,1798770,1,2,6,musica,cultura
Medellin,16,1190534,1,3,5,vida nocturna,deporte
Medellin,14,1471022,1,2,6,vida nocturna,deporte
Medellin,6,750100,0,3,6,musica,deporte
Medellin,7,1409332,1,3,5,vida nocturna,deporte
Medellin,6,1918071,1,2,5,musica,cultura
Medellin,15,1616773,1,2,5,musica,cultura
Medellin,12,1738350,1,2,6,musica,deporte
Medellin,14,1710278,1,2,6,musica,deporte
Medellin,3,1950102,1,2,6,musica,cultura
Medellin,14,1535923,1,3,6,vida nocturna,deporte
Medellin,9,1938137,1,3,5,vida nocturna,cultura
Medellin,19,1096890,1,2,5,vida nocturna,deporte
Medellin,19,1155285,1,3,6,musica,deporte
Medellin,15,1694382,1,3,5,musica,cultura
Medellin,6,1568046,1,3,6,vida nocturna,cultura
Medellin,3,1768407,1,3,6,vida nocturna,cultura
Medellin,3,573119,0,3,6,vida nocturna,cultura
Medellin,17,1513589,1,2,5,musica,deporte
Medellin,14,1275526,1,3,5,musica,deporte
Medellin,18,1600943,1,3,6,musica,cultura
Medellin,7,1287508,1,3,5,vida nocturna,cultura
Medellin,18,1492682,1,2,6,vida nocturna,cultura
Medellin,10,1036616,1,3,6,musica,cultura
Medellin,6,1227514,1,3,6,musica,deporte
Medellin,9,1062801,1,2,6,musica,deporte
Medellin,8,811155,0,3,5,musica,deporte
Medellin,16,1421142,1,3,5,vida nocturna,deporte
Medellin,9,1452364,1,2,5,musica,deporte
Medellin,10,1742837,1,3,5,musica,cultura
Medellin,17,1994567,1,3,6,vida nocturna,deporte
Medellin,19,1654698,1,3,6,musica,cultura
Medellin,17,1798583,1,3,5,vida nocturna,cultura
Medellin,3,1512511,1,2,5,vida nocturna,deporte
Medellin,6,1069977,1,3,6,vida nocturna,deporte
Medellin,15,1227833,1,2,5,musica,deporte
Medellin,4,1508963,1,2,5,vida nocturna,cultura
Medellin,19,1281847,1,2,6,vida nocturna,deporte
Medellin,20,1559614,1,3,5,vida nocturna,cultura
Medellin,6,779401,0,2,6,vida nocturna,deporte
Medellin,17,1915801,1,3,5,musica,cultura
Medellin,9,875427,0,3,5,vida nocturna,cultura
Medellin,11,1491344,1,2,5,vida nocturna,deporte
Medellin,3,1425810,1,2,5,musica,deporte
Medellin,16,1021505,1,2,6,musica,deporte
Medellin,13,1708198,1,3,5,vida nocturna,deporte
Medellin,15,1406725,1,2,5,vida nocturna,cultura
Medellin,9,1929297,1,2,5,musica,cultura
Medellin,12,1483347,1,3,5,vida nocturna,deporte
Medellin,15,1685072,1,3,5,vida nocturna,deporte
Medellin,5,1701496,1,2,5,vida nocturna,deporte
Medellin,10,1962273,1,2,5,musica,deporte
Medellin,19,1936850,1,3,6,musica,cultura
Medellin,14,1665240,1,2,5,vida nocturna,cultura
Medellin,6,815062,0,3,6,musica,deporte
Medellin,17,1552487,1,2,5,musica,deporte
Medellin,18,1211235,1,2,5,musica,deporte
Medellin,9,1969723,1,3,5,vida nocturna,cultura
Medellin,16,1332856,1,2,6,vida nocturna,cultura
Medellin,15,1750260,1,2,6,musica,cultura
Medellin,11,1474759,1,3,5,vida nocturna,deporte
Medellin,17,1033396,1,3,5,musica,cultura
Medellin,8,962212,0,2,5,musica,cultura
Medellin,9,1227954,1,2,5,musica,cultura
Medellin,8,1860795,1,3,5,musica,deporte
Medellin,17,1611645,1,2,6,musica,deporte
Medellin,14,1203598,1,3,5,vida nocturna,deporte
Medellin,10,1046205,1,3,5,musica,deporte
Medellin,15,1583092,1,3,6,musica,cultura
Medellin,20,1765829,1,2,6,vida nocturna,deporte
Medellin,3,539781,0,3,6,musica,deporte
Medellin,10,1330126,1,3,6,vida nocturna,deporte
Medellin,19,1499353,1,2,6,vida nocturna,cultura
Medellin,18,1020426,1,3,6,musica,cultura
Medellin,12,1814290,1,2,6,musica,deporte
Medellin,6,885997,0,3,6,musica,deporte
Medellin,10,1930789,1,3,5,musica,deporte
Medellin,6,1849818,1,3,6,vida nocturna,deporte
Medellin,7,1420028,1,3,5,vida nocturna,deporte
Medellin,18,1971687,1,3,5,vida nocturna,deporte
Medellin,18,1547178,1,2,5,musica,cultura
Medellin,4,530891,0,2,5,musica,deporte
Medellin,4,1107925,1,3,5,musica,deporte
Medellin,6,1547294,1,3,6,musica,deporte
Medellin,19,1975474,1,3,6,musica,cultura
Medellin,4,866436,0,2,5,vida nocturna,cultura
Medellin,16,1288526,1,3,6,vida nocturna,deporte
Medellin,9,1068005,1,3,5,musica,cultura
Medellin,11,1740728,1,3,5,musica,cultura
Medellin,6,1458156,1,2,6,vida nocturna,cultura
Medellin,9,1211603,1,2,6,vida nocturna,deporte
Medellin,9,1184950,1,3,6,musica,deporte
Medellin,6,1653998,1,3,6,musica,deporte
Medellin,12,1242224,1,2,5,musica,cultura
Medellin,12,1905979,1,2,5,vida nocturna,cultura
Medellin,7,1148825,1,3,5,vida nocturna,cultura
Medellin,9,1832252,1,2,5,vida nocturna,cultura
Medellin,3,1815738,1,2,6,musica,cultura
Medellin,16,1558405,1,2,5,vida nocturna,deporte
Medellin,6,590705,0,2,5,vida nocturna,deporte
Medellin,16,1003266,1,2,6,vida nocturna,cultura
Medellin,20,1510036,1,3,5,musica,cultura
Medellin,14,1729289,1,3,6,musica,cultura
Medellin,6,960789,0,2,5,vida nocturna,deporte
Medellin,4,1837343,1,3,6,vida nocturna,cultura
Medellin,5,1854089,1,2,6,musica,cultura
Medellin,17,1877727,1,3,6,musica,deporte
Medellin,17,1445024,1,3,5,vida nocturna,deporte
Medellin,14,1789339,1,2,6,vida nocturna,cultura
Medellin,4,1327782,1,2,5,musica,cultura
Medellin,4,1730851,1,2,6,vida nocturna,deporte
Medellin,10,1899249,1,2,5,vida nocturna,deporte
Medellin,7,816442,0,2,6,musica,cultura
Medellin,18,1162159,1,2,5,vida nocturna,cultura
Medellin,18,1344509,1,2,6,vida nocturna,cultura
Medellin,17,1721383,1,3,5,musica,deporte
Medellin,8,1522237,1,2,6,vida nocturna,cultura
Medellin,13,1149925,1,2,5,vida nocturna,deporte
Medellin,6,1313939,1,3,6,musica,cultura
Medellin,7,1713984,1,2,5,musica,deporte
Medellin,18,1316765,1,2,5,musica,cultura
Medellin,9,1883915,1,2,6,vida nocturna,deporte
Medellin,8,1150861,1,2,5,vida nocturna,deporte
Medellin,12,1245467,1,3,6,vida nocturna,deporte
Medellin,12,1434551,1,3,5,vida nocturna,cultura
Medellin,13,1930746,1,2,5,vida nocturna,cultura
Medellin,11,1674421,1,2,6,musica,deporte
Medellin,13,1373924,1,3,5,vida nocturna,cultura
Medellin,19,1630359,1,3,5,vida nocturna,deporte
Medellin,18,1738212,1,3,5,musica,deporte
Medellin,12,1418674,1,2,6,musica,deporte
Medellin,18,1487872,1,3,5,musica,deporte
Medellin,3,502263,0,2,5,musica,cultura
Medellin,14,1606977,1,2,5,musica,cultura
Medellin,12,1639784,1,3,5,musica,cultura
Medellin,6,872302,0,2,6,musica,cultura
Medellin,20,1453045,1,3,5,vida nocturna,deporte
Medellin,8,1013584,1,3,6,musica,deporte
Medellin,20,1467036,1,3,6,musica,cultura
Medellin,7,806738,0,3,5,musica,deporte
Medellin,11,1269091,1,2,5,vida nocturna,cultura
Medellin,10,1395137,1,2,5,vida nocturna,deporte
Medellin,7,1024153,1,2,5,musica,deporte
Medellin,14,1039458,1,2,5,musica,cultura
Medellin,8,1074869,1,3,6,vida nocturna,deporte
Medellin,11,1465938,1,2,5,musica,deporte
Medellin,10,1103840,1,3,5,musica,cultura
Medellin,4,1111886,1,3,6,musica,deporte
Medellin,3,547403,0,2,5,vida nocturna,deporte
Medellin,19,1109080,1,2,6,vida nocturna,deporte
Medellin,20,1156271,1,2,5,vida nocturna,deporte
Medellin,4,1237168,1,2,5,vida nocturna,deporte
Medellin,16,1721992,1,2,5,vida nocturna,deporte
Medellin,6,621339,0,3,5,musica,deporte
Medellin,10,1534990,1,2,6,vida nocturna,cultura
Medellin,10,1639656,1,2,6,vida nocturna,cultura
Medellin,6,1554576,1,3,6,vida nocturna,deporte
Medellin,15,1429246,1,3,6,vida nocturna,cultura
Medellin,4,1135910,1,2,5,vida nocturna,cultura
Medellin,18,1719442,1,3,5,vida nocturna,cultura
Medellin,8,1050031,1,3,6,vida nocturna,deporte
Medellin,14,1570174,1,2,5,vida nocturna,deporte
Medellin,8,1002730,1,2,5,vida nocturna,cultura
Medellin,7,564548,0,3,6,vida nocturna,deporte
Medellin,7,901344,0,3,5,vida nocturna,deporte
Medellin,19,1847706,1,3,6,vida nocturna,deporte
Medellin,11,1208694,1,3,6,vida nocturna,deporte
Medellin,14,1996108,1,2,5,musica,deporte
Medellin,12,1693164,1,2,6,vida nocturna,deporte
Medellin,16,1323017,1,3,5,vida nocturna,cultura
Medellin,6,1998146,1,2,5,musica,deporte
Medellin,15,1737004,1,3,6,musica,deporte
Medellin,19,1968070,1,3,6,musica,cultura
Medellin,11,1788975,1,3,5,vida nocturna,deporte
Medellin,10,1554529,1,3,6,vida nocturna,deporte
Medellin,14,1588128,1,3,6,musica,cultura
Medellin,11,1926008,1,3,6,musica,cultura
Medellin,4,884274,0,2,6,vida nocturna,cultura
Medellin,20,1854294,1,2,5,vida nocturna,deporte
Medellin,3,1985988,1,3,5,musica,cultura
Medellin,4,849919,0,2,6,vida nocturna,cultura
Medellin,12,1406616,1,3,5,musica,cultura
Medellin,10,1901594,1,3,6,musica,cultura
Medellin,10,1143634,1,3,6,vida nocturna,cultura
Medellin,9,1245759,1,2,6,musica,cultura
Medellin,6,1641417,1,2,6,musica,cultura
Medellin,10,1841810,1,2,5,vida nocturna,deporte
Medellin,18,1698531,1,2,6,musica,deporte
Medellin,3,1014394,1,2,5,vida nocturna,cultura
Medellin,18,1555623,1,2,6,vida nocturna,cultura
Medellin,12,1107896,1,2,6,vida nocturna,deporte
Medellin,11,1130401,1,2,5,vida nocturna,deporte
Medellin,4,1839316,1,3,6,musica,deporte
Medellin,3,1363798,1,2,6,musica,cultura
Medellin,11,1653816,1,2,5,musica,deporte
Medellin,10,1656696,1,3,6,musica,cultura
Medellin,5,996980,0,3,5,vida nocturna,deporte
Medellin,3,1160866,1,2,5,vida nocturna,deporte
Medellin,7,1376417,1,3,6,musica,deporte
Medellin,14,1824834,1,3,6,vida nocturna,cultura
Medellin,8,1233158,1,3,6,musica,deporte
Medellin,13,1085348,1,2,6,musica,deporte
Medellin,9,1609055,1,2,5,vida nocturna,deporte
Medellin,14,1139641,1,2,6,vida nocturna,deporte
Medellin,6,1443699,1,2,5,musica,cultura
Medellin,7,1159398,1,3,5,vida nocturna,cultura
Medellin,9,564015,0,2,5,vida nocturna,deporte
Medellin,8,1027595,1,2,5,musica,cultura
Medellin,9,1810103,1,2,5,vida nocturna,deporte
Medellin,10,1543972,1,3,6,musica,deporte
Medellin,10,1671486,1,3,6,musica,deporte
Medellin,12,1277926,1,3,6,musica,cultura
Medellin,15,1943522,1,3,6,musica,deporte
Medellin,12,1604067,1,3,6,musica,cultura
Medellin,8,1036498,1,3,6,musica,cultura
Medellin,6,912243,0,3,6,musica,cultura
Medellin,14,1159939,1,2,5,vida nocturna,deporte
Medellin,13,1726607,1,3,5,vida nocturna,deporte
Medellin,16,1377815,1,2,5,vida nocturna,cultura
Medellin,5,1604917,1,3,5,musica,cultura
Medellin,9,1814742,1,2,6,musica,deporte
Medellin,13,1334130,1,3,5,vida nocturna,deporte
Medellin,3,561917,0,2,6,vida nocturna,deporte
Medellin,7,857201,0,2,5,vida nocturna,cultura
Medellin,4,1679308,1,3,5,vida nocturna,deporte
Medellin,16,1504312,1,3,5,musica,cultura
Medellin,16,1734613,1,3,5,vida nocturna,deporte
Medellin,7,791725,0,2,5,musica,cultura
Medellin,8,1672357,1,3,5,vida nocturna,cultura
Medellin,8,1594986,1,3,6,vida nocturna,cultura
Medellin,16,1831114,1,2,6,musica,deporte
Medellin,16,1158024,1,3,5,musica,cultura
Medellin,19,1302966,1,2,5,musica,cultura
Medellin,5,1769020,1,3,5,vida nocturna,deporte
Medellin,17,1023979,1,3,6,vida nocturna,deporte
Medellin,6,686074,0,2,6,musica,cultura
Medellin,9,1038087,1,2,5,musica,deporte
Medellin,18,1118975,1,2,5,musica,deporte
Medellin,10,1891719,1,2,5,vida nocturna,deporte
Medellin,4,1199212,1,2,6,musica,cultura
Medellin,9,1475775,1,2,6,musica,cultura
Medellin,19,1745965,1,3,6,vida nocturna,deporte
Medellin,15,1754389,1,2,6,musica,cultura
Medellin,12,1372316,1,2,5,musica,cultura
Medellin,6,1231398,1,2,6,musica,cultura
Medellin,16,1258387,1,3,6,vida nocturna,deporte
Medellin,13,1129258,1,3,6,vida nocturna,cultura
Medellin,6,1854595,1,3,5,vida nocturna,deporte
Medellin,4,1135311,1,2,6,vida nocturna,cultura
Medellin,14,1576987,1,3,5,vida nocturna,deporte
Medellin,18,1344495,1,3,5,musica,deporte
Medellin,5,563534,0,3,5,vida nocturna,deporte
Medellin,13,1799016,1,3,5,musica,deporte
Medellin,14,1714134,1,2,5,musica,cultura
Medellin,3,679193,0,2,6,vida nocturna,cultura
Medellin,15,1362751,1,3,5,musica,cultura
Medellin,9,1436383,1,3,5,vida nocturna,cultura
Medellin,15,1369492,1,2,5,musica,deporte
Medellin,17,1170222,1,2,6,musica,deporte
Medellin,15,1175644,1,2,5,musica,cultura
Medellin,9,1227134,1,2,5,vida nocturna,deporte
Medellin,8,1872716,1,3,6,vida nocturna,cultura
Medellin,12,1148851,1,2,5,musica,cultura
Medellin,7,931685,0,2,5,vida nocturna,deporte
Medellin,13,1403835,1,3,6,vida nocturna,deporte
Medellin,6,1274426,1,3,6,vida nocturna,cultura
Medellin,9,1212698,1,2,5,musica,cultura
Medellin,19,1735187,1,2,5,musica,cultura
Medellin,16,1845628,1,3,5,vida nocturna,deporte
Medellin,7,1075336,1,2,6,vida nocturna,cultura
Medellin,4,1803879,1,2,5,musica,cultura
Medellin,4,673093,0,2,5,vida nocturna,deporte
Medellin,20,1292118,1,3,5,musica,cultura
Medellin,16,1403147,1,2,5,vida nocturna,deporte
Medellin,11,1644076,1,3,5,musica,cultura
Medellin,3,1084133,1,3,5,musica,cultura
Medellin,7,616711,0,3,6,vida nocturna,deporte
Medellin,14,1640705,1,3,6,musica,cultura
Medellin,10,1065589,1,3,5,vida nocturna,deporte
Medellin,14,1274214,1,2,6,vida nocturna,cultura
Medellin,17,1415593,1,2,5,vida nocturna,cultura
Medellin,10,1465209,1,2,5,musica,deporte
Medellin,14,1340128,1,3,6,vida nocturna,cultura
Medellin,5,1395365,1,2,6,musica,deporte
Medellin,11,1797474,1,2,5,vida nocturna,cultura
Medellin,7,933290,0,2,6,musica,cultura
Medellin,18,1036953,1,2,6,vida nocturna,deporte
Medellin,20,1231898,1,3,5,vida nocturna,deporte
Medellin,5,805498,0,2,5,musica,deporte
Medellin,18,1169088,1,3,5,vida nocturna,deporte
Medellin,14,1004799,1,2,6,musica,deporte
Medellin,14,1491799,1,3,5,vida nocturna,deporte
Medellin,12,1803714,1,2,5,vida nocturna,cultura
Medellin,11,1768782,1,2,6,musica,deporte
Medellin,10,1090960,1,3,5,musica,cultura
Medellin,20,1093464,1,3,6,musica,cultura
Medellin,13,1083211,1,3,5,musica,cultura
Medellin,19,1420824,1,2,5,musica,deporte
Medellin,9,832296,0,2,6,vida nocturna,deporte
Medellin,16,1070073,1,3,5,vida nocturna,cultura
Medellin,10,1579709,1,2,6,vida nocturna,deporte
Medellin,5,939546,0,3,5,musica,cultura
Medellin,9,1477074,1,3,6,musica,deporte
Medellin,18,1250435,1,2,6,vida nocturna,cultura
Medellin,12,1661405,1,2,6,musica,deporte
Medellin,12,1899586,1,3,6,musica,cultura
Medellin,13,1442470,1,3,5,vida nocturna,cultura
Medellin,17,1176583,1,3,6,musica,cultura
Medellin,7,548325,0,2,6,musica,cultura
Medellin,5,1182603,1,2,6,vida nocturna,deporte
Medellin,3,1218605,1,2,6,musica,cultura
Medellin,9,1371133,1,3,6,vida nocturna,deporte
Medellin,7,1845247,1,3,6,musica,deporte
Medellin,16,1817163,1,2,6,musica,cultura
Medellin,3,1367795,1,3,5,musica,deporte
Medellin,17,1792858,1,2,5,vida nocturna,cultura
Medellin,20,1969313,1,2,6,vida nocturna,cultura
Medellin,3,521214,0,3,5,vida nocturna,cultura
Medellin,4,1259217,1,3,5,vida nocturna,deporte
Medellin,15,1699499,1,2,5,musica,cultura
Medellin,15,1758880,1,2,6,musica,deporte
Medellin,9,1404855,1,3,6,musica,deporte
Medellin,6,1929089,1,2,6,musica,cultura
Medellin,19,1125696,1,2,6,vida nocturna,cultura
Medellin,4,1724645,1,3,5,musica,deporte
Medellin,13,1355947,1,2,6,musica,cultura
Medellin,17,1783483,1,3,6,musica,deporte
Medellin,5,1640520,1,3,5,vida nocturna,cultura
Medellin,14,1875419,1,3,6,musica,deporte
Medellin,14,1016437,1,3,5,vida nocturna,deporte
Medellin,15,1116795,1,2,5,vida nocturna,deporte
Medellin,6,1994816,1,3,5,musica,cultura
Medellin,11,1070674,1,3,6,vida nocturna,deporte
Medellin,5,693599,0,2,6,musica,cultura
Medellin,6,562208,0,2,6,vida nocturna,deporte
Medellin,13,1307856,1,2,6,vida nocturna,deporte
Medellin,8,1503130,1,2,6,musica,cultura
Medellin,10,1181174,1,3,6,musica,deporte
Medellin,8,546650,0,2,6,musica,cultura
Medellin,13,1031641,1,3,5,musica,deporte
Medellin,3,1990130,1,2,6,vida nocturna,deporte
Medellin,17,1557202,1,3,6,musica,deporte
Medellin,19,1364057,1,3,5,vida nocturna,deporte
Medellin,15,1680503,1,3,6,vida nocturna,cultura
Medellin,15,1479857,1,2,6,musica,cultura
Medellin,10,1050253,1,3,6,musica,deporte
Medellin,7,661713,0,3,6,musica,deporte
Medellin,6,729454,0,3,5,musica,deporte
Medellin,7,561777,0,3,5,vida nocturna,cultura
Medellin,16,1927178,1,2,6,vida nocturna,cultura
Medellin,19,1476059,1,3,5,vida nocturna,cultura
Medellin,3,1196766,1,2,6,musica,cultura
Medellin,13,1180896,1,2,5,vida nocturna,cultura
Medellin,7,1689916,1,2,6,vida nocturna,deporte
Medellin,12,1617361,1,2,6,vida nocturna,cultura
Medellin,6,1804940,1,2,5,vida nocturna,deporte
Medellin,20,1534793,1,3,6,vida nocturna,cultura
Medellin,7,1629094,1,2,5,vida nocturna,cultura
Medellin,6,715671,0,2,6,vida nocturna,cultura
Medellin,14,1498457,1,2,5,musica,cultura
Medellin,13,1776026,1,2,5,musica,cultura
Medellin,5,1416228,1,3,6,musica,cultura
Medellin,10,1958208,1,3,6,vida nocturna,deporte
Medellin,18,1871995,1,2,6,vida nocturna,cultura
Medellin,19,1066814,1,3,6,vida nocturna,deporte
Medellin,12,1114071,1,3,5,musica,cultura
Medellin,4,783342,0,2,5,vida nocturna,deporte
Medellin,19,1928664,1,3,5,vida nocturna,deporte
Medellin,7,1235706,1,2,6,musica,deporte
Medellin,7,1211577,1,3,5,vida nocturna,deporte
Medellin,20,1289843,1,2,5,musica,deporte
Medellin,4,1132536,1,2,5,vida nocturna,deporte
Medellin,5,720926,0,3,6,vida nocturna,cultura
Medellin,15,1673249,1,2,6,vida nocturna,cultura
Medellin,11,1615606,1,2,5,vida nocturna,cultura
Medellin,10,1815368,1,2,5,vida nocturna,deporte
Medellin,11,1847891,1,3,6,vida nocturna,deporte
Medellin,18,1292154,1,3,5,vida nocturna,cultura
Medellin,12,1029111,1,2,5,musica,deporte
Medellin,17,1048956,1,3,6,vida nocturna,cultura
Medellin,11,1587706,1,2,6,vida nocturna,deporte
Medellin,13,1865270,1,2,6,vida nocturna,deporte
Medellin,20,1351104,1,2,5,vida nocturna,cultura
Medellin,12,1789674,1,3,6,musica,deporte
Medellin,7,854028,0,3,5,vida nocturna,cultura
Medellin,15,1000503,1,3,6,musica,deporte
Medellin,12,1709790,1,2,5,musica,cultura
Medellin,20,1045837,1,2,6,musica,deporte
Medellin,4,685007,0,2,6,vida nocturna,cultura
Medellin,6,1647524,1,3,6,musica,deporte
Medellin,16,1099287,1,3,5,vida nocturna,deporte
Medellin,17,1261284,1,3,5,vida nocturna,cultura
Medellin,13,1460590,1,3,5,vida nocturna,deporte
Medellin,8,621958,0,2,5,musica,deporte
Medellin,7,1558199,1,3,6,vida nocturna,deporte
Medellin,3,893205,0,2,5,musica,cultura
Medellin,17,1773756,1,2,6,vida nocturna,deporte
Medellin,10,1129936,1,2,5,musica,deporte
Medellin,10,1807780,1,3,5,vida nocturna,cultura
Medellin,19,1677019,1,2,5,musica,cultura
Medellin,9,1681319,1,2,6,musica,deporte
Medellin,7,507528,0,3,5,musica,deporte
Medellin,10,1315682,1,2,5,musica,deporte
Medellin,14,1701823,1,2,6,musica,cultura
Medellin,10,1441700,1,3,6,vida nocturna,deporte
Medellin,9,677791,0,2,5,vida nocturna,cultura
Medellin,9,872324,0,2,6,musica,deporte
Medellin,19,1330105,1,2,5,vida nocturna,deporte
Medellin,15,1973520,1,2,5,vida nocturna,deporte
Medellin,7,649329,0,3,6,musica,cultura
Medellin,12,1715374,1,2,5,musica,deporte
Medellin,10,1420216,1,3,6,vida nocturna,cultura
Medellin,6,875304,0,3,6,musica,cultura
Medellin,16,1184584,1,2,5,vida nocturna,cultura
Medellin,8,814730,0,3,5,musica,deporte
Medellin,9,830387,0,2,6,vida nocturna,deporte
Medellin,10,1784607,1,2,5,musica,cultura
Medellin,16,1344911,1,3,6,musica,deporte
Medellin,11,1267578,1,2,5,musica,deporte
Medellin,14,1221954,1,2,6,vida nocturna,deporte
Medellin,16,1117998,1,2,5,vida nocturna,deporte
Medellin,3,1470861,1,3,5,musica,deporte
Medellin,13,1806257,1,3,5,musica,deporte
Medellin,9,1196807,1,2,6,vida nocturna,cultura
Medellin,17,1503416,1,2,5,musica,cultura
Medellin,10,1593624,1,3,6,vida nocturna,cultura
Medellin,20,1699432,1,3,5,vida nocturna,deporte
Medellin,3,1489613,1,3,5,vida nocturna,deporte
Medellin,14,1073212,1,2,5,musica,cultura
Medellin,14,1436788,1,3,5,vida nocturna,deporte
Medellin,3,1093648,1,2,5,musica,cultura
Medellin,6,1638485,1,3,5,musica,cultura
Medellin,7,1886593,1,3,5,vida nocturna,deporte
Medellin,5,1575437,1,3,6,vida nocturna,deporte
Medellin,11,1641448,1,3,5,musica,deporte
Medellin,12,1833882,1,2,5,vida nocturna,deporte
Medellin,10,1805334,1,2,5,musica,cultura
Medellin,18,1516276,1,2,6,vida nocturna,cultura
Medellin,4,1421873,1,3,5,musica,deporte
Medellin,17,1391064,1,3,6,vida nocturna,deporte
Medellin,15,1337448,1,3,6,vida nocturna,deporte
Medellin,13,1176903,1,3,5,musica,deporte
Medellin,13,1030070,1,2,6,musica,cultura
Medellin,3,1238875,1,3,6,musica,deporte
Medellin,15,1955465,1,2,6,vida nocturna,cultura
Medellin,18,1478895,1,3,5,musica,deporte
Medellin,9,535447,0,2,6,vida nocturna,cultura
Medellin,3,954224,0,2,6,vida nocturna,deporte
Medellin,13,1999825,1,3,6,musica,deporte
Medellin,11,1523952,1,2,5,vida nocturna,deporte
Medellin,5,1810270,1,2,5,vida nocturna,cultura
Medellin,8,1899590,1,3,5,musica,cultura
Medellin,7,1467289,1,3,5,vida nocturna,cultura
Medellin,11,1821136,1,3,5,musica,cultura
Medellin,9,1802768,1,3,6,musica,deporte
Medellin,11,1704895,1,2,5,vida nocturna,deporte
Medellin,14,1596298,1,2,6,vida nocturna,cultura
Medellin,18,1320644,1,2,5,vida nocturna,cultura
Medellin,4,1821325,1,3,5,musica,cultura
Medellin,13,1203396,1,2,6,musica,cultura
Medellin,7,1612603,1,2,6,vida nocturna,cultura
Medellin,15,1391736,1,2,5,musica,deporte
Medellin,14,1452749,1,2,6,musica,cultura
Medellin,15,1741301,1,3,6,vida nocturna,cultura
Medellin,10,1187618,1,3,5,vida nocturna,cultura
Medellin,20,1990909,1,2,5,vida nocturna,deporte
Medellin,11,1454577,1,2,6,musica,deporte
Medellin,17,1105210,1,3,5,musica,deporte
Medellin,18,1366373,1,2,5,vida nocturna,deporte
Medellin,14,1516407,1,2,5,musica,deporte
Medellin,9,1436517,1,2,6,vida nocturna,cultura
Medellin,7,1557406,1,2,6,vida nocturna,cultura
Medellin,7,720875,0,2,6,musica,deporte
Medellin,9,642765,0,2,5,musica,deporte
Medellin,10,1545968,1,2,5,musica,deporte
Medellin,4,1245624,1,2,5,vida nocturna,cultura
Medellin,16,1134489,1,2,6,vida nocturna,cultura
Medellin,14,1298337,1,2,6,vida nocturna,deporte
Medellin,4,1813394,1,2,6,musica,cultura
Medellin,9,955899,0,3,5,musica,deporte
Medellin,10,1586392,1,3,5,vida nocturna,deporte
Medellin,19,1531279,1,2,6,vida nocturna,deporte
Medellin,13,1874365,1,2,5,musica,cultura
Medellin,18,1398780,1,2,6,vida nocturna,deporte
Medellin,11,1638901,1,3,6,musica,deporte
Medellin,19,1594480,1,3,6,vida nocturna,deporte
Medellin,15,1556199,1,3,6,musica,cultura
Medellin,16,1478752,1,3,5,vida nocturna,cultura
Medellin,12,1767275,1,2,6,vida nocturna,deporte
Medellin,4,741686,0,2,5,vida nocturna,deporte
Medellin,19,1009260,1,3,6,musica,cultura
Medellin,15,1396250,1,2,6,musica,cultura
Medellin,16,1669460,1,3,6,vida nocturna,cultura
Medellin,16,1167627,1,3,6,musica,deporte
Medellin,8,1549454,1,3,5,vida nocturna,deporte
Medellin,16,1270084,1,3,5,vida nocturna,deporte
Medellin,18,1004742,1,2,6,musica,deporte
Medellin,9,1044739,1,2,5,vida nocturna,cultura
Medellin,11,1815857,1,2,6,musica,cultura
Medellin,7,1771106,1,3,5,vida nocturna,deporte
Medellin,4,1506922,1,2,6,vida nocturna,cultura
Medellin,11,1514254,1,2,6,vida nocturna,cultura
Medellin,14,1962843,1,2,5,musica,cultura
Medellin,15,1237514,1,3,6,vida nocturna,deporte
Medellin,10,1556116,1,3,6,musica,deporte
Medellin,18,1010609,1,2,6,vida nocturna,cultura
Medellin,13,1763871,1,2,6,vida nocturna,cultura
Medellin,5,1083013,1,2,5,musica,deporte
Medellin,14,1941239,1,2,5,musica,cultura
Medellin,19,1868155,1,2,5,vida nocturna,cultura
Medellin,10,1179153,1,2,6,vida nocturna,cultura
Medellin,14,1928974,1,3,5,vida nocturna,cultura
Medellin,11,1999333,1,2,6,musica,deporte
Medellin,18,1375501,1,2,5,vida nocturna,deporte
Medellin,10,1599626,1,2,5,musica,deporte
Medellin,3,863547,0,3,6,vida nocturna,cultura
Medellin,19,1062754,1,2,6,musica,deporte
Medellin,19,1879852,1,2,5,vida nocturna,deporte
Medellin,15,1024533,1,2,6,vida nocturna,cultura
Medellin,20,1900976,1,3,5,musica,deporte
Medellin,6,1399064,1,3,6,musica,cultura
Medellin,16,1458466,1,2,5,vida nocturna,deporte
Medellin,10,1881419,1,2,5,vida nocturna,deporte
Medellin,12,1824764,1,3,5,vida nocturna,cultura
Medellin,11,1078860,1,2,5,musica,deporte
Medellin,12,1471792,1,3,6,musica,cultura
Medellin,18,1297089,1,2,5,musica,cultura
Medellin,19,1789627,1,3,5,musica,cultura
Medellin,14,1162976,1,3,6,vida nocturna,cultura
Medellin,7,866487,0,2,5,musica,deporte
Medellin,5,1817262,1,3,6,musica,deporte
Medellin,8,732585,0,2,6,vida nocturna,cultura
Medellin,14,1903546,1,3,5,musica,cultura
Medellin,15,1369324,1,3,6,vida nocturna,cultura
Medellin,11,1309856,1,3,5,musica,cultura
Medellin,20,1932426,1,2,6,musica,cultura
Medellin,14,1881603,1,3,6,vida nocturna,deporte
Medellin,18,1383453,1,2,5,vida nocturna,deporte
Medellin,18,1331372,1,2,5,vida nocturna,deporte
Medellin,19,1565011,1,2,5,vida nocturna,deporte
Medellin,6,1207079,1,2,6,vida nocturna,deporte
Medellin,13,1807452,1,2,5,vida nocturna,deporte
Medellin,3,1845317,1,3,6,musica,deporte
Medellin,10,1040836,1,3,6,musica,deporte
Medellin,7,1494091,1,2,6,musica,cultura
Medellin,3,1698394,1,2,6,vida nocturna,deporte
Medellin,12,1580268,1,2,5,vida nocturna,cultura
Medellin,3,814162,0,2,5,musica,deporte
Medellin,14,1125451,1,3,5,musica,cultura
Medellin,14,1913372,1,2,6,vida nocturna,deporte
Medellin,10,1532554,1,3,6,musica,deporte
Medellin,10,1423651,1,3,5,vida nocturna,deporte
Medellin,3,1174063,1,2,6,musica,deporte
Medellin,16,1719462,1,2,6,musica,deporte
Medellin,12,1550380,1,2,6,musica,cultura
Medellin,11,1877463,1,3,5,vida nocturna,deporte
Medellin,5,1615242,1,2,5,musica,cultura
Medellin,12,1264795,1,3,6,vida nocturna,cultura
Medellin,12,1064281,1,2,6,musica,cultura
Medellin,8,891687,0,2,6,musica,deporte
Medellin,4,541939,0,2,6,vida nocturna,cultura
Medellin,16,1638101,1,2,6,vida nocturna,cultura
Medellin,16,1105272,1,3,5,vida nocturna,deporte
Medellin,5,1406772,1,3,5,vida nocturna,cultura
Medellin,14,1102426,1,2,5,musica,cultura
Medellin,15,1124046,1,2,5,musica,deporte
Medellin,6,1337549,1,2,6,vida nocturna,deporte
Medellin,6,1144848,1,3,5,musica,deporte
Medellin,12,1824388,1,3,5,musica,cultura
Medellin,18,1696728,1,3,5,musica,deporte
Medellin,13,1261608,1,2,6,vida nocturna,deporte
Medellin,10,1585177,1,2,5,vida nocturna,cultura
Medellin,15,1981065,1,2,6,vida nocturna,cultura
Medellin,16,1847944,1,3,6,vida nocturna,deporte
Medellin,10,1759227,1,2,6,musica,deporte
Medellin,12,1378701,1,3,6,vida nocturna,deporte
Medellin,3,782689,0,2,6,musica,deporte
Medellin,19,1996329,1,3,6,musica,cultura
Medellin,6,1651235,1,3,5,vida nocturna,cultura
Medellin,19,1886762,1,3,5,vida nocturna,deporte
Medellin,10,1501169,1,3,6,vida nocturna,cultura
Medellin,5,1960197,1,3,6,musica,deporte
Medellin,6,1492800,1,3,5,musica,deporte
Medellin,12,1554833,1,3,6,vida nocturna,cultura
Medellin,17,1666539,1,2,5,vida nocturna,cultura
Medellin,16,1333044,1,3,6,musica,cultura
Medellin,13,1544078,1,3,5,musica,cultura
Medellin,20,1463684,1,3,5,vida nocturna,cultura
Medellin,9,810140,0,3,5,musica,cultura
Medellin,12,1479188,1,3,6,vida nocturna,deporte
Medellin,5,1546462,1,2,5,vida nocturna,cultura
Medellin,3,1822143,1,3,5,vida nocturna,deporte
Medellin,10,1762509,1,2,6,musica,cultura
Medellin,13,1860010,1,3,5,vida nocturna,deporte
Medellin,4,1235741,1,3,6,vida nocturna,cultura
Medellin,13,1972623,1,2,5,musica,deporte
Medellin,6,1072563,1,2,5,vida nocturna,cultura
Medellin,11,1722521,1,3,6,musica,cultura
Medellin,5,549943,0,3,6,vida nocturna,cultura
Medellin,14,1785503,1,3,5,vida nocturna,deporte
Medellin,4,1530521,1,3,6,musica,deporte
Medellin,16,1174967,1,3,5,vida nocturna,deporte
Medellin,11,1152000,1,3,6,vida nocturna,cultura
Medellin,15,1888450,1,3,6,musica,cultura
Medellin,16,1105619,1,3,5,vida nocturna,cultura
Medellin,11,1552703,1,2,5,musica,deporte
Medellin,17,1483290,1,3,5,musica,cultura
Medellin,6,915168,0,3,6,musica,deporte
Medellin,7,1392456,1,3,6,musica,deporte
Medellin,19,1333666,1,2,5,vida nocturna,deporte
Medellin,19,1751467,1,2,5,vida nocturna,cultura
Medellin,8,1131428,1,3,6,vida nocturna,cultura
Medellin,11,1547987,1,3,5,vida nocturna,cultura
Medellin,9,649394,0,3,6,musica,cultura
Medellin,8,1303100,1,3,5,musica,deporte
Medellin,4,1365943,1,3,6,musica,deporte
Medellin,3,1717062,1,2,6,musica,deporte
Medellin,16,1289036,1,2,5,musica,deporte
Medellin,19,1084112,1,2,6,vida nocturna,deporte
Medellin,17,1732331,1,2,6,vida nocturna,cultura
Medellin,6,500957,0,2,6,vida nocturna,deporte
Medellin,4,1607382,1,3,6,musica,cultura
Medellin,18,1989609,1,2,5,vida nocturna,cultura
Medellin,15,1801797,1,3,5,musica,cultura
Medellin,7,1318063,1,3,6,vida nocturna,deporte
Medellin,11,1256152,1,3,5,musica,deporte
Medellin,13,1775534,1,3,5,vida nocturna,cultura
Medellin,4,1933217,1,2,5,musica,cultura
Medellin,4,722675,0,2,5,musica,deporte
Medellin,4,1593907,1,3,6,vida nocturna,deporte
Medellin,10,1710266,1,2,6,vida nocturna,deporte
Medellin,3,783355,0,2,5,musica,deporte
Medellin,9,1388963,1,3,6,vida nocturna,deporte
Medellin,5,1254461,1,2,5,musica,deporte
Medellin,17,1403013,1,2,5,musica,cultura
Medellin,3,1269563,1,3,5,vida nocturna,cultura
Medellin,12,1078357,1,3,6,musica,cultura
Medellin,18,1034913,1,2,5,musica,deporte
Medellin,5,1987313,1,3,6,musica,deporte
Medellin,15,1383062,1,3,6,musica,cultura
Medellin,17,1526006,1,2,6,musica,deporte
Medellin,3,600299,0,3,6,musica,deporte
Medellin,12,1980102,1,2,6,musica,cultura
Medellin,10,1237265,1,3,5,vida nocturna,cultura
Medellin,13,1526631,1,3,5,vida nocturna,cultura
Medellin,18,1811034,1,2,5,musica,deporte
Medellin,9,554231,0,2,6,vida nocturna,deporte
Medellin,4,900922,0,2,6,vida nocturna,cultura
Medellin,9,1811577,1,3,6,musica,cultura
Medellin,11,1896905,1,2,6,vida nocturna,deporte
Medellin,5,956746,0,3,6,vida nocturna,deporte
Medellin,14,1790614,1,3,5,musica,deporte
Medellin,16,1864448,1,3,5,musica,cultura
Medellin,5,612148,0,3,5,musica,deporte
Medellin,13,1047378,1,3,5,musica,cultura
Medellin,20,1846646,1,2,5,vida nocturna,deporte
Medellin,3,1684980,1,2,6,musica,cultura
Medellin,12,1921961,1,3,5,vida nocturna,cultura
Medellin,3,1503786,1,3,6,vida nocturna,cultura
Medellin,14,1887177,1,2,5,vida nocturna,deporte
Medellin,18,1321735,1,2,6,musica,deporte
Medellin,19,1047994,1,2,6,musica,deporte
Medellin,19,1434341,1,3,6,musica,deporte
Medellin,6,1523914,1,2,5,vida nocturna,cultura
Medellin,17,1703802,1,2,5,musica,cultura
Medellin,19,1544564,1,3,6,vida nocturna,cultura
Medellin,3,1155346,1,2,6,vida nocturna,cultura
Medellin,14,1814856,1,2,5,musica,deporte
Medellin,10,1949297,1,3,5,vida nocturna,deporte
Medellin,19,1676620,1,3,6,vida nocturna,cultura
Medellin,20,1630589,1,2,5,vida nocturna,deporte
Medellin,14,1378075,1,3,5,vida nocturna,cultura
Medellin,14,1469365,1,2,6,musica,cultura
Medellin,5,590830,0,3,5,vida nocturna,deporte
Medellin,3,1966661,1,3,5,vida nocturna,deporte
Medellin,3,1637497,1,3,5,musica,deporte
Medellin,19,1819227,1,3,5,musica,deporte
Medellin,3,1738388,1,2,5,musica,deporte
Medellin,15,1025948,1,3,5,vida nocturna,cultura
Medellin,15,1613253,1,2,6,vida nocturna,cultura
Medellin,4,1242218,1,2,5,vida nocturna,cultura
Medellin,18,1504506,1,2,5,vida nocturna,cultura
Medellin,18,1470412,1,3,6,musica,cultura
Medellin,8,1134219,1,2,6,vida nocturna,cultura
Medellin,6,1945392,1,3,5,vida nocturna,deporte
Medellin,4,1474588,1,3,6,vida nocturna,deporte
Medellin,7,1267487,1,3,5,vida nocturna,cultura
Medellin,16,1232295,1,3,5,vida nocturna,deporte
Medellin,11,1363203,1,2,5,vida nocturna,cultura
Medellin,3,1131413,1,3,5,musica,cultura
Medellin,18,1066112,1,3,6,musica,deporte
Medellin,17,1458567,1,2,6,vida nocturna,cultura
Medellin,17,1551418,1,3,5,vida nocturna,cultura
Medellin,11,1640308,1,2,6,vida nocturna,deporte
Medellin,8,708176,0,2,5,musica,deporte
Medellin,3,1821086,1,2,6,musica,cultura
Medellin,16,1441139,1,3,6,musica,deporte
Medellin,11,1061320,1,3,6,musica,deporte
Medellin,3,1874670,1,2,6,musica,deporte
Medellin,18,1186230,1,3,6,vida nocturna,deporte
Medellin,8,1705877,1,2,5,vida nocturna,deporte
Medellin,16,1847476,1,2,5,musica,deporte
Medellin,13,1389923,1,3,5,musica,deporte
Medellin,14,1693626,1,3,6,musica,cultura
Medellin,10,1975655,1,3,5,musica,cultura
Medellin,16,1506808,1,3,6,vida nocturna,cultura
Medellin,15,1564090,1,2,6,musica,deporte
Medellin,12,1122901,1,3,6,vida nocturna,cultura
Medellin,8,722074,0,3,6,musica,cultura
Medellin,18,1778379,1,2,6,musica,deporte
Medellin,20,1564175,1,2,5,vida nocturna,deporte
Medellin,6,1301962,1,2,5,musica,cultura
Medellin,16,1179394,1,3,5,vida nocturna,deporte
Medellin,14,1216837,1,2,6,musica,deporte
Medellin,17,1196948,1,2,6,musica,cultura
Medellin,13,1809016,1,2,6,vida nocturna,deporte
Medellin,15,1108319,1,3,6,vida nocturna,deporte
Medellin,18,1471125,1,3,6,musica,deporte
Medellin,11,1775409,1,2,5,musica,deporte
Medellin,4,928588,0,3,6,vida nocturna,deporte
Medellin,20,1804063,1,3,6,vida nocturna,cultura
Medellin,10,1503434,1,2,6,vida nocturna,cultura
Medellin,16,1265551,1,2,6,musica,cultura
Medellin,15,1435995,1,2,6,musica,deporte
Medellin,3,1155320,1,3,6,musica,deporte
Medellin,13,1244503,1,2,6,vida nocturna,cultura
Medellin,5,595704,0,3,5,musica,cultura
Medellin,16,1687694,1,2,5,vida nocturna,cultura
Medellin,18,1702168,1,3,6,vida nocturna,deporte
Medellin,17,1431342,1,2,6,musica,cultura
Medellin,20,1963742,1,2,5,vida nocturna,cultura
Medellin,3,1662041,1,3,6,vida nocturna,cultura
Medellin,5,1972866,1,2,5,vida nocturna,cultura
Medellin,7,1435241,1,2,6,vida nocturna,cultura
Medellin,17,1120666,1,3,5,musica,deporte
Medellin,15,1231551,1,2,6,musica,deporte
Medellin,12,1877036,1,3,6,musica,deporte
Medellin,20,1643913,1,3,6,musica,deporte
Medellin,19,1072634,1,2,6,musica,deporte
Medellin,16,1904608,1,2,6,vida nocturna,cultura
Medellin,15,1794272,1,2,5,vida nocturna,cultura
Medellin,5,1910832,1,3,5,musica,deporte
Medellin,13,1126544,1,2,6,vida nocturna,cultura
Medellin,3,1400898,1,3,6,vida nocturna,cultura
Medellin,10,1521110,1,2,6,vida nocturna,cultura
Medellin,12,1614786,1,3,5,musica,deporte
Medellin,14,1667864,1,3,5,vida nocturna,deporte
Medellin,11,1243875,1,2,5,musica,deporte
Medellin,15,1972451,1,2,6,vida nocturna,cultura
Medellin,14,1112687,1,2,6,musica,cultura
Medellin,20,1202603,1,3,5,musica,deporte
Medellin,5,744981,0,2,5,vida nocturna,cultura
Medellin,7,1313805,1,3,6,musica,deporte
Medellin,10,1825355,1,2,5,vida nocturna,cultura
Medellin,20,1190110,1,2,5,vida nocturna,deporte
Medellin,19,1380061,1,3,5,vida nocturna,cultura
Medellin,19,1745776,1,2,5,vida nocturna,cultura
Medellin,4,641439,0,2,5,vida nocturna,cultura
Medellin,11,1975301,1,3,6,vida nocturna,deporte
Medellin,14,1017061,1,3,6,musica,cultura
Medellin,17,1080020,1,3,6,musica,deporte
Medellin,3,1051994,1,3,6,vida nocturna,cultura
Medellin,9,1068355,1,3,6,musica,deporte
Medellin,13,1201711,1,2,5,vida nocturna,deporte
Medellin,10,1295928,1,3,6,vida nocturna,deporte
Medellin,7,1258698,1,2,5,vida nocturna,deporte
Medellin,6,1631489,1,3,6,musica,cultura
Medellin,16,1082472,1,2,5,musica,cultura
Medellin,20,1505973,1,3,6,vida nocturna,deporte
Medellin,15,1475103,1,2,6,musica,deporte
Medellin,9,1354575,1,3,6,vida nocturna,deporte
Medellin,20,1830703,1,3,6,musica,cultura
Medellin,16,1816718,1,3,6,vida nocturna,cultura
Medellin,4,1907111,1,3,6,musica,cultura
Medellin,3,1735758,1,3,5,vida nocturna,deporte
Medellin,18,1748744,1,2,6,musica,cultura
Medellin,6,1126898,1,3,6,vida nocturna,cultura
Medellin,3,1210826,1,3,6,musica,deporte
Medellin,7,1781499,1,3,5,vida nocturna,cultura
Medellin,14,1855359,1,3,5,musica,deporte
Medellin,9,968228,0,3,5,musica,deporte
Medellin,6,1148935,1,3,6,vida nocturna,deporte
Medellin,4,1020457,1,2,5,musica,deporte
Medellin,5,1354436,1,3,6,musica,cultura
Medellin,15,1118274,1,3,6,musica,cultura
Medellin,15,1666946,1,2,6,vida nocturna,deporte
Medellin,20,1604495,1,2,6,musica,cultura
Medellin,11,1364362,1,3,6,vida nocturna,deporte
Medellin,20,1632783,1,2,5,musica,deporte
Medellin,4,1456343,1,2,6,musica,cultura
Medellin,7,1075438,1,2,5,musica,cultura
Medellin,20,1510213,1,3,5,vida nocturna,deporte
Medellin,8,623295,0,3,5,musica,cultura
Medellin,17,1638663,1,3,5,vida nocturna,cultura
Medellin,17,1858844,1,2,5,musica,cultura
Medellin,14,1281437,1,2,6,musica,cultura
Medellin,15,1250334,1,2,5,vida nocturna,deporte
Medellin,12,1139371,1,2,5,vida nocturna,cultura
Medellin,14,1521543,1,2,5,musica,cultura
Medellin,16,1244539,1,3,6,musica,deporte
Medellin,15,1913988,1,2,5,vida nocturna,deporte
Medellin,8,1230982,1,2,6,musica,cultura
Medellin,12,1073125,1,2,6,vida nocturna,cultura
Medellin,20,1500817,1,2,5,musica,deporte
Medellin,6,905910,0,3,6,musica,deporte
Medellin,16,1470439,1,3,5,vida nocturna,cultura
Medellin,14,1620662,1,3,5,vida nocturna,deporte
Medellin,5,505873,0,2,5,vida nocturna,deporte
Medellin,16,1291574,1,3,5,vida nocturna,cultura
Medellin,14,1483051,1,3,6,vida nocturna,cultura
Medellin,8,1600535,1,3,5,musica,deporte
Medellin,19,1323494,1,3,6,vida nocturna,cultura
Medellin,5,777013,0,3,6,musica,cultura
Medellin,10,1292376,1,2,5,vida nocturna,cultura
Medellin,4,756125,0,3,6,musica,deporte
Medellin,11,1476083,1,2,5,vida nocturna,cultura
Medellin,16,1399356,1,2,6,vida nocturna,deporte
Medellin,4,1477299,1,2,5,vida nocturna,deporte
Medellin,17,1334264,1,3,6,vida nocturna,deporte
Medellin,19,1694249,1,2,6,musica,cultura
Medellin,18,1858355,1,3,6,vida nocturna,cultura
Medellin,13,1255118,1,3,6,musica,deporte
Medellin,18,1762323,1,3,6,vida nocturna,deporte
Medellin,5,882692,0,3,6,musica,cultura
Medellin,5,1023971,1,2,6,vida nocturna,deporte
Medellin,4,1675235,1,3,5,vida nocturna,cultura
Medellin,9,824019,0,3,6,vida nocturna,deporte
Medellin,13,1739462,1,3,6,musica,deporte
Medellin,17,1259954,1,2,5,vida nocturna,cultura
Medellin,12,1031806,1,2,5,musica,cultura
Medellin,16,1170840,1,3,5,musica,deporte
Medellin,19,1342186,1,2,6,vida nocturna,deporte
Medellin,19,1090407,1,3,5,musica,cultura
Medellin,17,1369959,1,2,6,musica,deporte
Medellin,9,1656314,1,3,6,vida nocturna,cultura
Medellin,3,658560,0,2,6,musica,cultura
Medellin,10,1426311,1,2,5,vida nocturna,cultura
Medellin,13,1029451,1,3,6,musica,deporte
Medellin,17,1554189,1,3,5,musica,cultura
Medellin,15,1196924,1,3,5,musica,deporte
Medellin,19,1306244,1,3,6,vida nocturna,deporte
Medellin,11,1963349,1,3,6,vida nocturna,deporte
Medellin,13,1508187,1,2,6,musica,cultura
Medellin,19,1599123,1,2,6,vida nocturna,cultura
Medellin,4,750662,0,2,5,musica,deporte
Medellin,11,1435677,1,2,6,vida nocturna,cultura
Medellin,18,1401840,1,2,5,vida nocturna,deporte
Medellin,8,1005011,1,2,5,vida nocturna,cultura
Medellin,7,1505480,1,3,6,musica,cultura
Medellin,13,1802773,1,3,5,musica,cultura
Medellin,7,540986,0,3,6,musica,deporte
Medellin,7,1812005,1,2,6,musica,deporte
Medellin,4,1544831,1,2,5,musica,deporte
Medellin,19,1834984,1,2,5,vida nocturna,cultura
Medellin,18,1993879,1,3,6,musica,cultura
Medellin,5,679818,0,2,5,vida nocturna,deporte
Medellin,12,1982559,1,2,5,vida nocturna,deporte
Medellin,10,1784943,1,3,6,musica,cultura
Medellin,4,1527566,1,3,5,vida nocturna,cultura
Medellin,16,1833326,1,3,5,vida nocturna,cultura
Medellin,16,1263023,1,2,5,musica,deporte
Medellin,15,1549396,1,2,5,musica,deporte
Medellin,20,1988846,1,2,6,vida nocturna,deporte
Medellin,7,944328,0,2,5,musica,deporte
Medellin,5,887695,0,2,6,musica,cultura
Medellin,3,1724556,1,2,5,musica,deporte
Medellin,8,1753539,1,2,6,musica,deporte
Medellin,16,1443320,1,3,6,musica,deporte
Medellin,5,989507,0,2,5,musica,deporte
Medellin,11,1289762,1,3,6,musica,cultura
Medellin,12,1024347,1,3,5,vida nocturna,deporte
Medellin,19,1169174,1,2,6,musica,deporte
Medellin,18,1575893,1,3,5,vida nocturna,cultura
Medellin,8,1926577,1,3,5,musica,cultura
Medellin,11,1805690,1,3,5,musica,cultura
Medellin,4,810267,0,2,6,musica,cultura
Medellin,15,1836838,1,2,5,musica,cultura
Medellin,5,972307,0,2,5,vida nocturna,cultura
Medellin,7,1571675,1,3,6,musica,cultura
Medellin,19,1835219,1,3,5,vida nocturna,deporte
Medellin,7,1815266,1,3,6,musica,deporte
Medellin,9,1401568,1,3,5,vida nocturna,deporte
Medellin,19,1378394,1,3,6,musica,cultura
Medellin,4,1994230,1,2,6,vida nocturna,cultura
Medellin,14,1986488,1,2,5,vida nocturna,cultura
Medellin,13,1680199,1,2,5,musica,deporte
Medellin,5,1238640,1,3,5,musica,cultura
Medellin,3,795015,0,2,6,vida nocturna,cultura
Medellin,4,1238965,1,3,5,vida nocturna,cultura
Medellin,18,1553449,1,2,5,vida nocturna,cultura
Medellin,4,1732732,1,3,6,vida nocturna,cultura
Medellin,18,1834154,1,2,6,musica,cultura
Medellin,9,1883692,1,3,6,vida nocturna,deporte
Medellin,10,1998683,1,2,6,musica,cultura
Medellin,13,1994344,1,3,5,musica,deporte
Medellin,12,1313763,1,3,6,musica,cultura
Medellin,3,1129921,1,2,6,musica,deporte
Medellin,15,1856804,1,3,5,musica,cultura
Medellin,13,1955236,1,2,6,musica,cultura
Medellin,17,1527848,1,2,6,musica,cultura
Medellin,16,1615816,1,2,6,musica,deporte
Medellin,5,861286,0,2,5,musica,deporte
Medellin,17,1292066,1,3,6,vida nocturna,cultura
Medellin,19,1935628,1,2,6,musica,deporte
Medellin,20,1468618,1,2,5,vida nocturna,deporte
Medellin,15,1729300,1,3,5,musica,cultura
Medellin,3,782333,0,2,6,vida nocturna,cultura
Medellin,3,1429182,1,3,5,musica,deporte
Medellin,20,1631352,1,2,5,musica,deporte
Medellin,9,1027565,1,3,5,vida nocturna,deporte
Medellin,5,1301427,1,2,5,musica,cultura
Medellin,5,950404,0,3,5,vida nocturna,cultura
Medellin,19,1652581,1,3,5,musica,deporte
Medellin,15,1891113,1,3,6,vida nocturna,cultura
Medellin,14,1715826,1,2,5,musica,cultura
Medellin,12,1370065,1,2,5,musica,cultura
Medellin,17,1794749,1,2,6,musica,deporte
Medellin,7,1567377,1,2,5,musica,cultura
Medellin,14,1804163,1,2,5,musica,deporte
Medellin,4,1314727,1,2,5,musica,deporte
Medellin,11,1444768,1,3,6,musica,cultura
Medellin,12,1973215,1,3,6,vida nocturna,deporte
Medellin,14,1303343,1,3,5,musica,cultura
Medellin,3,1611022,1,2,5,musica,cultura
Medellin,12,1003071,1,2,6,vida nocturna,cultura
Medellin,6,1577725,1,2,6,vida nocturna,deporte
Medellin,14,1252180,1,3,5,vida nocturna,cultura
Medellin,7,956541,0,3,5,vida nocturna,deporte
Medellin,13,1767214,1,2,6,vida nocturna,cultura
Medellin,9,1857510,1,2,5,vida nocturna,deporte
Medellin,5,1016560,1,2,5,vida nocturna,deporte
Medellin,19,1585459,1,2,5,vida nocturna,deporte
Medellin,6,1512114,1,3,6,musica,cultura
Medellin,16,1019119,1,3,6,vida nocturna,cultura
Medellin,5,1719185,1,3,6,musica,deporte
Medellin,17,1374161,1,2,6,musica,deporte
Medellin,17,1837426,1,3,6,vida nocturna,deporte
Medellin,16,1433120,1,3,5,musica,deporte
Medellin,17,1125722,1,2,5,vida nocturna,cultura
Medellin,13,1522032,1,2,5,musica,deporte
Medellin,14,1585079,1,2,5,musica,cultura
Medellin,12,1166050,1,2,5,vida nocturna,cultura
Medellin,15,1063459,1,3,6,musica,cultura
Medellin,14,1466780,1,3,6,vida nocturna,deporte
Medellin,3,863153,0,2,6,musica,deporte
Medellin,10,1173718,1,2,6,vida nocturna,cultura
Medellin,16,1482740,1,3,5,vida nocturna,cultura
Medellin,12,1193723,1,2,6,musica,deporte
Medellin,15,1083471,1,2,5,musica,deporte
Medellin,19,1728237,1,3,6,musica,deporte
Medellin,12,1034708,1,2,6,vida nocturna,cultura
Medellin,10,1462277,1,2,5,musica,cultura
Medellin,4,1788966,1,2,5,vida nocturna,cultura
Medellin,20,1850660,1,2,6,vida nocturna,deporte
Medellin,18,1278697,1,3,6,musica,cultura
Medellin,4,1832789,1,2,6,vida nocturna,cultura
Medellin,3,1907481,1,2,6,musica,deporte
Medellin,13,1132390,1,3,6,vida nocturna,cultura
Medellin,7,544586,0,3,5,musica,cultura
Medellin,17,1706330,1,2,6,musica,deporte
Medellin,18,1500195,1,3,5,vida nocturna,deporte
Medellin,20,1621845,1,2,5,vida nocturna,cultura
Medellin,14,1391794,1,2,6,vida nocturna,deporte
Medellin,19,1729664,1,2,5,vida nocturna,cultura
Medellin,11,1305807,1,3,6,musica,deporte
Medellin,11,1762418,1,2,6,vida nocturna,cultura
Medellin,17,1762157,1,3,6,vida nocturna,cultura
Medellin,6,811684,0,2,5,musica,cultura
Medellin,16,1391333,1,2,5,vida nocturna,deporte
Medellin,18,1646120,1,3,5,vida nocturna,cultura
Medellin,20,1143386,1,2,5,musica,cultura
Medellin,11,1902596,1,3,6,musica,deporte
Medellin,12,1568596,1,3,6,musica,cultura
Medellin,18,1094348,1,2,5,musica,deporte
Medellin,3,1056023,1,2,5,vida nocturna,cultura
Medellin,12,1823846,1,3,5,vida nocturna,cultura
Medellin,16,1868818,1,2,6,musica,deporte
Medellin,10,1293042,1,2,6,vida nocturna,cultura
Medellin,12,1351036,1,3,6,musica,deporte
Medellin,16,1633305,1,2,6,musica,cultura
Medellin,15,1040574,1,3,6,vida nocturna,deporte
Medellin,15,1894052,1,3,6,musica,cultura
Medellin,19,1118928,1,3,6,musica,deporte
Medellin,9,1658966,1,3,5,vida nocturna,deporte
Medellin,17,1905166,1,2,6,musica,deporte
Medellin,4,1471843,1,2,6,vida nocturna,deporte
Medellin,12,1439961,1,2,6,musica,deporte
Medellin,14,1882707,1,2,6,musica,deporte
Medellin,3,1675555,1,3,6,vida nocturna,cultura
Medellin,13,1755109,1,2,6,vida nocturna,cultura
Medellin,4,1759040,1,3,5,vida nocturna,deporte
Medellin,9,594802,0,2,6,vida nocturna,deporte
Medellin,11,1340143,1,2,6,vida nocturna,cultura
Medellin,20,1214254,1,2,5,musica,cultura
Medellin,9,944759,0,3,5,musica,deporte
Medellin,6,1958047,1,3,5,musica,deporte
Medellin,15,1033090,1,2,6,musica,deporte
Medellin,3,1256266,1,2,5,musica,cultura
Medellin,8,1144576,1,2,6,vida nocturna,deporte
Medellin,20,1682464,1,2,5,vida nocturna,deporte
Medellin,19,1936605,1,3,5,vida nocturna,deporte
Medellin,5,1949721,1,3,6,vida nocturna,cultura
Medellin,8,1695790,1,3,5,vida nocturna,cultura
Medellin,11,1604013,1,2,5,vida nocturna,cultura
Medellin,16,1976368,1,2,6,vida nocturna,cultura
Medellin,8,876786,0,2,6,vida nocturna,cultura
Medellin,13,1960597,1,2,5,musica,deporte
Medellin,3,1444019,1,3,6,vida nocturna,deporte
Medellin,9,1448657,1,2,6,vida nocturna,cultura
Medellin,6,731702,0,2,6,musica,deporte
Medellin,3,795467,0,2,5,musica,cultura
Medellin,13,1994748,1,3,5,musica,cultura
Medellin,10,1883480,1,2,6,vida nocturna,deporte
Medellin,13,1111742,1,3,6,vida nocturna,deporte
Medellin,16,1202765,1,3,5,musica,deporte
Medellin,9,703402,0,3,6,vida nocturna,deporte
Medellin,19,1609708,1,3,6,musica,cultura
Medellin,13,1512994,1,3,6,vida nocturna,cultura
Medellin,15,1810286,1,3,5,vida nocturna,deporte
Medellin,10,1081038,1,3,5,musica,cultura
Medellin,11,1832954,1,3,5,musica,cultura
Medellin,7,1818476,1,2,6,musica,deporte
Medellin,6,1449232,1,3,6,vida nocturna,deporte
Medellin,14,1663368,1,3,6,vida nocturna,deporte
Medellin,14,1052093,1,3,6,vida nocturna,deporte
Medellin,8,1667017,1,2,6,musica,deporte
Medellin,8,1502640,1,3,5,musica,deporte
Medellin,12,1018089,1,2,5,musica,deporte
Medellin,20,1530778,1,2,6,vida nocturna,deporte
Medellin,6,758607,0,3,5,vida nocturna,cultura
Medellin,13,1225767,1,3,6,musica,deporte
Medellin,12,1519221,1,2,5,vida nocturna,deporte
Medellin,14,1711715,1,3,5,musica,cultura
Medellin,7,1493352,1,2,5,musica,cultura
Medellin,16,1086986,1,3,5,musica,deporte
Medellin,15,1432394,1,3,6,musica,cultura
Medellin,19,1967952,1,2,6,musica,cultura
Medellin,19,1840810,1,3,6,musica,deporte
Medellin,10,1593111,1,3,6,musica,deporte
Medellin,19,1174597,1,2,6,vida nocturna,cultura
Medellin,17,1656437,1,3,5,musica,cultura
Medellin,11,1692362,1,2,6,vida nocturna,deporte
Medellin,11,1326782,1,3,6,vida nocturna,deporte
Medellin,5,716968,0,3,5,musica,cultura
Medellin,6,1869223,1,2,5,vida nocturna,deporte
Medellin,14,1646863,1,2,5,musica,cultura
Medellin,7,912617,0,3,5,musica,cultura
Medellin,17,1632412,1,2,5,vida nocturna,cultura
Medellin,20,1818751,1,3,5,vida nocturna,cultura
Medellin,12,1560266,1,2,6,musica,cultura
Medellin,14,1781980,1,3,5,vida nocturna,cultura
Medellin,15,1327527,1,2,5,musica,deporte
Medellin,15,1484255,1,3,6,musica,deporte
Medellin,12,1510519,1,3,6,musica,deporte
Medellin,4,868293,0,3,6,musica,deporte
Medellin,12,1429732,1,2,5,vida nocturna,cultura
Medellin,17,1217323,1,3,6,musica,deporte
Medellin,16,1890512,1,2,5,vida nocturna,deporte
Medellin,16,1378965,1,3,6,vida nocturna,cultura
Medellin,14,1313225,1,2,6,musica,cultura
Medellin,4,952808,0,3,6,vida nocturna,deporte
Medellin,16,1838711,1,3,5,vida nocturna,cultura
Medellin,8,1907278,1,3,6,vida nocturna,cultura
Medellin,12,1116333,1,3,6,musica,deporte
Medellin,4,1958461,1,3,6,vida nocturna,deporte
Medellin,19,1576537,1,2,6,vida nocturna,deporte
Medellin,4,679345,0,3,6,musica,cultura
Medellin,8,1273243,1,2,5,vida nocturna,cultura
Medellin,12,1959210,1,2,6,vida nocturna,cultura
Medellin,11,1718613,1,2,5,musica,cultura
Medellin,10,1352741,1,2,6,musica,deporte
Medellin,18,1299000,1,3,5,musica,cultura
Medellin,16,1485510,1,3,6,musica,cultura
Medellin,7,631762,0,3,5,musica,deporte
Medellin,8,1928301,1,3,5,vida nocturna,cultura
Medellin,11,1181148,1,2,6,vida nocturna,cultura
Medellin,17,1816133,1,2,5,musica,cultura
Medellin,10,1001835,1,2,6,musica,cultura
Medellin,9,574210,0,3,6,musica,deporte
Medellin,8,1387092,1,3,5,vida nocturna,deporte
Medellin,6,1109762,1,3,5,vida nocturna,cultura
Medellin,7,1100793,1,3,5,musica,deporte
Medellin,7,1106901,1,3,5,vida nocturna,cultura
Medellin,17,1935777,1,3,6,vida nocturna,cultura
Medellin,14,1356453,1,3,5,musica,deporte
Medellin,14,1556903,1,2,6,vida nocturna,cultura
Medellin,6,636386,0,2,6,vida nocturna,cultura
Medellin,9,589031,0,3,5,vida nocturna,deporte
Medellin,20,1255811,1,2,6,musica,cultura
Medellin,14,1453541,1,3,6,vida nocturna,deporte
Medellin,12,1661613,1,3,5,vida nocturna,deporte
Medellin,6,1007865,1,2,5,vida nocturna,deporte
Medellin,4,1410351,1,2,6,vida nocturna,cultura
Medellin,6,826001,0,2,6,vida nocturna,deporte
Medellin,19,1239267,1,2,6,vida nocturna,cultura
Medellin,17,1001456,1,3,6,musica,cultura
Medellin,7,1739234,1,3,5,musica,cultura
Medellin,19,1282938,1,2,6,musica,cultura
Medellin,14,1021760,1,2,6,vida nocturna,cultura
Medellin,3,1866670,1,3,5,vida nocturna,deporte
Medellin,12,1363523,1,3,5,vida nocturna,deporte
Medellin,6,804050,0,2,6,musica,deporte
Medellin,18,1967941,1,3,6,vida nocturna,deporte
Medellin,5,732035,0,3,5,vida nocturna,cultura
Medellin,17,1733036,1,3,6,musica,cultura
Medellin,4,854830,0,3,6,musica,deporte
Medellin,13,1916107,1,2,6,vida nocturna,cultura
Medellin,8,1032293,1,3,5,vida nocturna,cultura
Medellin,7,832421,0,3,5,vida nocturna,cultura
Medellin,14,1039972,1,3,5,vida nocturna,cultura
Medellin,20,1096148,1,3,5,vida nocturna,cultura
Medellin,9,1497617,1,2,5,vida nocturna,cultura
Medellin,5,1603333,1,2,6,vida nocturna,cultura
Medellin,6,1882078,1,2,5,musica,cultura
Medellin,10,1923035,1,2,6,vida nocturna,deporte
Medellin,5,1883570,1,3,6,musica,cultura
Medellin,3,1482897,1,3,6,musica,cultura
Medellin,13,1262532,1,2,6,musica,cultura
Medellin,15,1104808,1,2,5,musica,deporte
Medellin,3,1119656,1,3,5,musica,deporte
Medellin,16,1698702,1,2,6,musica,cultura
Medellin,14,1786051,1,2,5,musica,cultura
Medellin,20,1462524,1,3,5,vida nocturna,cultura
Medellin,20,1156939,1,2,5,musica,deporte
Medellin,18,1642629,1,3,5,vida nocturna,cultura
Medellin,10,1414165,1,3,6,vida nocturna,cultura
Medellin,11,1442565,1,3,5,vida nocturna,deporte
Medellin,9,1300666,1,2,6,vida nocturna,cultura
Medellin,4,977190,0,2,5,musica,deporte
Medellin,9,1235989,1,3,6,vida nocturna,cultura
Medellin,13,1103536,1,3,5,musica,cultura
Medellin,7,1198230,1,3,5,musica,deporte
Medellin,3,1374499,1,3,5,musica,deporte
Medellin,6,703092,0,2,6,vida nocturna,deporte
Medellin,5,1070659,1,3,6,musica,cultura
Medellin,9,831770,0,3,5,musica,cultura
Medellin,5,1967808,1,3,6,vida nocturna,deporte
Medellin,15,1466444,1,3,5,vida nocturna,deporte
Medellin,3,1502126,1,3,5,vida nocturna,deporte
Medellin,20,1239743,1,3,6,vida nocturna,cultura
Medellin,20,1501786,1,2,5,vida nocturna,cultura
Medellin,5,1039244,1,3,6,musica,deporte
Medellin,13,1223717,1,2,6,musica,cultura
Medellin,18,1157344,1,2,5,vida nocturna,deporte
Medellin,8,1050185,1,2,5,vida nocturna,deporte
Medellin,12,1317492,1,3,5,musica,cultura
Medellin,19,1565586,1,3,5,musica,cultura
Medellin,8,1235477,1,3,5,musica,cultura
Medellin,13,1789491,1,2,6,vida nocturna,cultura
Medellin,14,1895535,1,2,6,vida nocturna,cultura
Medellin,7,1909511,1,2,5,musica,deporte
Medellin,13,1155304,1,3,6,vida nocturna,cultura
Medellin,11,1710764,1,3,6,musica,cultura
Medellin,4,1950388,1,2,6,vida nocturna,deporte
Medellin,5,561659,0,3,5,musica,deporte
Medellin,10,1208658,1,3,6,musica,cultura
Medellin,12,1970769,1,3,6,musica,cultura
Medellin,20,1925767,1,2,5,vida nocturna,deporte
Medellin,18,1509721,1,3,6,vida nocturna,cultura
Medellin,14,1856163,1,2,5,vida nocturna,cultura
Medellin,20,1765139,1,3,6,musica,cultura
Medellin,20,1699864,1,2,6,musica,cultura
Medellin,8,906596,0,2,5,musica,deporte
Medellin,12,1921693,1,2,6,musica,cultura
Medellin,15,1249683,1,2,6,musica,cultura
Medellin,9,792141,0,2,6,musica,cultura
Medellin,4,1346869,1,2,6,musica,deporte
Medellin,20,1570015,1,2,6,musica,cultura
Medellin,4,1872721,1,3,6,musica,deporte
Medellin,11,1505534,1,3,5,musica,deporte
Medellin,6,1235016,1,2,6,vida nocturna,deporte
Medellin,5,731002,0,3,6,vida nocturna,deporte
Medellin,7,1740841,1,3,5,vida nocturna,cultura
Medellin,19,1917569,1,3,6,musica,deporte
Medellin,4,666586,0,3,6,vida nocturna,cultura
Medellin,5,1400871,1,2,6,vida nocturna,cultura
Medellin,8,529088,0,3,6,musica,deporte
Medellin,9,1056258,1,3,5,vida nocturna,cultura
Medellin,8,1373096,1,2,6,musica,deporte
Medellin,11,1762365,1,2,6,vida nocturna,cultura
Medellin,20,1237225,1,2,5,vida nocturna,cultura
Medellin,14,1684293,1,3,6,musica,deporte
Medellin,7,1113568,1,3,5,musica,deporte
Medellin,4,1465072,1,2,5,vida nocturna,cultura
Medellin,12,1862852,1,2,6,musica,deporte
Medellin,3,1141645,1,3,5,vida nocturna,deporte
Medellin,19,1820604,1,2,5,vida nocturna,cultura
Medellin,5,1036296,1,3,5,vida nocturna,deporte
Medellin,19,1196694,1,2,6,vida nocturna,deporte
Medellin,19,1888402,1,3,5,musica,cultura
Medellin,6,960954,0,3,6,vida nocturna,deporte
Medellin,11,1097306,1,3,5,musica,cultura
Medellin,8,1011689,1,3,5,musica,deporte
Medellin,18,1106933,1,2,6,vida nocturna,deporte
Medellin,19,1689810,1,2,6,vida nocturna,deporte
Medellin,16,1278047,1,3,5,musica,deporte
Medellin,16,1716771,1,3,5,musica,deporte
Medellin,9,1184195,1,2,5,vida nocturna,deporte
Medellin,15,1596650,1,3,5,vida nocturna,deporte
Medellin,10,1379416,1,3,5,musica,cultura
Medellin,7,1620587,1,3,6,vida nocturna,deporte
Medellin,15,1699691,1,3,6,musica,cultura
Medellin,4,1957466,1,3,6,vida nocturna,cultura
Medellin,10,1830995,1,2,5,musica,deporte
Medellin,19,1470281,1,2,5,vida nocturna,deporte
Medellin,14,1904309,1,3,6,vida nocturna,cultura
Medellin,18,1189138,1,3,5,vida nocturna,cultura
Medellin,7,1374243,1,2,6,vida nocturna,cultura
Medellin,7,1671183,1,3,5,musica,deporte
Medellin,19,1981017,1,2,5,musica,deporte
Medellin,9,1297799,1,2,5,vida nocturna,deporte
Medellin,4,1646715,1,2,5,vida nocturna,cultura
Medellin,17,1662067,1,3,5,vida nocturna,deporte
Medellin,20,1003966,1,3,6,vida nocturna,cultura
Medellin,5,772718,0,3,6,musica,deporte
Medellin,14,1067515,1,2,6,vida nocturna,deporte
Medellin,3,731551,0,3,6,vida nocturna,cultura
Medellin,8,1693470,1,3,6,vida nocturna,cultura
Medellin,15,1488685,1,2,6,musica,deporte
Medellin,6,780051,0,3,6,vida nocturna,cultura
Medellin,12,1898149,1,3,6,vida nocturna,deporte
Medellin,20,1577054,1,2,6,vida nocturna,cultura
Medellin,18,1113640,1,2,5,vida nocturna,cultura
Medellin,15,1823881,1,2,5,musica,cultura
Medellin,15,1911996,1,3,5,musica,cultura
Medellin,14,1759738,1,2,5,musica,cultura
Medellin,9,1546435,1,3,5,musica,cultura
Medellin,5,1094749,1,2,5,vida nocturna,cultura
Medellin,17,1799818,1,2,6,vida nocturna,deporte
Medellin,7,805435,0,2,5,musica,deporte
Medellin,9,1961337,1,3,6,vida nocturna,deporte
Medellin,3,1548401,1,2,6,musica,deporte
Medellin,14,1836994,1,2,6,musica,deporte
Medellin,16,1480404,1,3,5,musica,cultura
Medellin,9,1604312,1,2,6,musica,cultura
Medellin,3,1010193,1,2,5,vida nocturna,deporte
Medellin,6,1038151,1,3,5,vida nocturna,deporte
Medellin,9,1800231,1,2,6,vida nocturna,deporte
Medellin,9,1659288,1,2,6,musica,cultura
Medellin,13,1824928,1,3,6,vida nocturna,deporte
Medellin,4,1349911,1,3,5,vida nocturna,cultura
Medellin,11,1945492,1,2,5,vida nocturna,cultura
Medellin,10,1822066,1,2,5,musica,deporte
Medellin,13,1659197,1,3,5,vida nocturna,deporte
Medellin,14,1279332,1,2,5,musica,deporte
Medellin,6,1719530,1,2,5,musica,deporte
Medellin,9,1589848,1,3,6,vida nocturna,cultura
Medellin,15,1840288,1,3,6,musica,deporte
Medellin,12,1285721,1,3,6,vida nocturna,cultura
Medellin,20,1985914,1,3,6,musica,cultura
Medellin,6,1022039,1,3,5,musica,cultura
Medellin,20,1544562,1,2,5,vida nocturna,deporte
Medellin,9,1705932,1,2,6,musica,cultura
Medellin,15,1154452,1,2,5,musica,cultura
Medellin,4,1063495,1,2,6,musica,deporte
Medellin,6,1614026,1,2,6,musica,cultura
Medellin,19,1120588,1,3,6,vida nocturna,deporte
Medellin,5,1944365,1,3,6,musica,cultura
Medellin,10,1967823,1,3,6,musica,deporte
Medellin,5,1791555,1,3,6,musica,deporte
Medellin,15,1767952,1,3,6,vida nocturna,cultura
Medellin,15,1991675,1,3,5,vida nocturna,deporte
Medellin,4,778243,0,2,5,vida nocturna,deporte
Medellin,17,1464091,1,3,6,vida nocturna,deporte
Medellin,7,1405498,1,2,6,vida nocturna,cultura
Medellin,13,1082556,1,2,5,vida nocturna,cultura
Medellin,4,1123969,1,3,6,musica,deporte
Medellin,8,886637,0,3,5,musica,deporte
Medellin,16,1879692,1,2,5,vida nocturna,cultura
Medellin,6,624820,0,2,5,vida nocturna,deporte
Medellin,8,1164329,1,3,5,musica,deporte
Medellin,9,1261503,1,2,5,musica,cultura
Medellin,15,1830646,1,3,5,vida nocturna,cultura
Medellin,12,1989885,1,3,5,musica,deporte
Medellin,6,1243245,1,2,5,vida nocturna,deporte
Medellin,17,1229054,1,3,6,vida nocturna,deporte
Medellin,15,1472262,1,2,6,vida nocturna,deporte
Medellin,14,1339737,1,2,5,vida nocturna,deporte
Medellin,19,1505934,1,3,5,musica,cultura
Medellin,13,1236325,1,3,5,vida nocturna,cultura
Medellin,9,771187,0,3,6,vida nocturna,cultura
Medellin,16,1544936,1,3,6,musica,deporte
Medellin,13,1916901,1,2,6,musica,deporte
Medellin,20,1340651,1,2,6,vida nocturna,cultura
Medellin,7,834092,0,3,5,musica,deporte
Medellin,19,1670093,1,2,5,vida nocturna,deporte
Medellin,11,1715734,1,3,6,vida nocturna,cultura
Medellin,13,1652787,1,3,5,vida nocturna,deporte
Medellin,8,1582470,1,2,5,musica,deporte
Medellin,12,1933123,1,3,5,musica,deporte
Medellin,19,1922279,1,2,6,vida nocturna,cultura
Medellin,17,1086075,1,2,5,musica,cultura
Medellin,9,1377622,1,3,5,musica,deporte
Medellin,7,1934831,1,2,5,vida nocturna,deporte
Medellin,4,1292919,1,2,6,vida nocturna,cultura
Medellin,12,1761035,1,3,5,musica,cultura
Medellin,18,1669234,1,2,5,musica,deporte
Medellin,11,1512199,1,3,5,musica,deporte
Medellin,4,1816810,1,2,6,musica,cultura
Medellin,5,632121,0,3,5,musica,deporte
Medellin,10,1932959,1,3,5,vida nocturna,cultura
Medellin,17,1186627,1,3,5,musica,deporte
Medellin,3,1516231,1,2,6,musica,cultura
Medellin,16,1848941,1,3,6,musica,cultura
Medellin,17,1524826,1,2,5,musica,cultura
Medellin,12,1048235,1,2,6,vida nocturna,deporte
Medellin,18,1268840,1,2,5,vida nocturna,cultura
Medellin,4,1414935,1,2,5,vida nocturna,deporte
Medellin,9,1487354,1,3,5,musica,deporte
Medellin,10,1018756,1,3,6,musica,deporte
Medellin,16,1420920,1,3,5,vida nocturna,cultura
Medellin,8,922934,0,3,5,musica,cultura
Medellin,3,1639079,1,2,5,musica,cultura
Medellin,8,864332,0,3,5,vida nocturna,deporte
Medellin,15,1779762,1,2,5,musica,deporte
Medellin,5,1387330,1,3,6,vida nocturna,cultura
Medellin,10,1721589,1,2,5,vida nocturna,cultura
Medellin,17,1309265,1,3,6,vida nocturna,cultura
Medellin,11,1188483,1,2,5,vida nocturna,cultura
Medellin,12,1647682,1,3,5,musica,cultura
Medellin,14,1166766,1,2,6,vida nocturna,deporte
Medellin,8,1556533,1,2,5,vida nocturna,cultura
Medellin,19,1394505,1,3,5,musica,deporte
Medellin,9,1512300,1,2,6,musica,cultura
Medellin,9,1101664,1,3,5,musica,deporte
Medellin,20,1377893,1,3,5,vida nocturna,deporte
Medellin,10,1181016,1,2,5,musica,deporte
Medellin,12,1341183,1,2,6,vida nocturna,deporte
Medellin,19,1256771,1,3,6,musica,deporte
Medellin,5,1646487,1,2,6,musica,deporte
Medellin,5,1548542,1,2,5,musica,deporte
Medellin,20,1934038,1,3,6,musica,deporte
Medellin,11,1235079,1,3,5,vida nocturna,cultura
Medellin,13,1039256,1,2,5,musica,deporte
Medellin,4,1601555,1,2,6,vida nocturna,cultura
Medellin,6,1896318,1,3,5,vida nocturna,cultura
Medellin,5,963741,0,2,6,vida nocturna,cultura
Medellin,15,1793284,1,3,6,musica,cultura
Medellin,6,1731067,1,3,6,vida nocturna,deporte
Medellin,10,1274594,1,2,5,musica,cultura
Medellin,7,1107474,1,2,6,vida nocturna,deporte
Medellin,17,1677584,1,2,6,vida nocturna,cultura
Medellin,6,1257854,1,2,6,vida nocturna,deporte
Medellin,15,1894853,1,3,6,musica,cultura
Medellin,11,1959703,1,3,6,musica,deporte
Medellin,17,1916523,1,2,5,vida nocturna,cultura
Medellin,14,1687829,1,2,5,vida nocturna,deporte
Medellin,7,1575187,1,2,6,vida nocturna,cultura
Medellin,9,582303,0,2,6,vida nocturna,deporte
Medellin,16,1892074,1,3,6,vida nocturna,deporte
Medellin,17,1787652,1,3,6,vida nocturna,deporte
Medellin,14,1567432,1,3,6,musica,deporte
Medellin,3,1159043,1,3,5,musica,deporte
Medellin,19,1283174,1,3,6,musica,deporte
Medellin,18,1542740,1,3,6,vida nocturna,deporte
Medellin,16,1027889,1,3,6,vida nocturna,cultura
Medellin,12,1293143,1,2,5,musica,cultura
Medellin,8,1235311,1,2,6,vida nocturna,deporte
Medellin,7,1278159,1,2,6,vida nocturna,cultura
Medellin,18,1385875,1,2,5,musica,deporte
Medellin,18,1837718,1,3,5,musica,cultura
Medellin,15,1290638,1,3,6,musica,cultura
Medellin,20,1892393,1,2,6,musica,cultura
Medellin,15,1418213,1,2,5,vida nocturna,deporte
Medellin,17,1872885,1,3,5,vida nocturna,deporte
Medellin,9,1784556,1,2,6,musica,cultura
Medellin,5,1673769,1,3,6,vida nocturna,cultura
Medellin,14,1777012,1,2,5,musica,cultura
Medellin,9,517562,0,2,5,vida nocturna,cultura
Medellin,5,1125109,1,3,5,vida nocturna,deporte
Medellin,5,994615,0,3,6,vida nocturna,deporte
Medellin,14,1265835,1,2,5,musica,cultura
Medellin,13,1796790,1,2,5,musica,deporte
Medellin,11,1973123,1,3,5,musica,deporte
Medellin,11,1869639,1,3,5,vida nocturna,deporte
Medellin,11,1273682,1,3,5,vida nocturna,deporte
Medellin,10,1010793,1,3,6,vida nocturna,cultura
Medellin,19,1561944,1,3,5,musica,deporte
Medellin,17,1909678,1,3,5,vida nocturna,deporte
Medellin,16,1084733,1,2,5,musica,deporte
Medellin,13,1342826,1,2,6,vida nocturna,cultura
Medellin,12,1622461,1,2,6,vida nocturna,cultura
Medellin,19,1202919,1,2,6,musica,cultura
Medellin,18,1700822,1,2,6,musica,cultura
Medellin,19,1139629,1,2,5,musica,cultura
Medellin,7,581000,0,2,6,musica,cultura
Medellin,11,1013034,1,2,6,vida nocturna,cultura
Medellin,18,1201251,1,2,5,vida nocturna,deporte
Medellin,13,1256704,1,3,6,musica,deporte
Medellin,5,1316626,1,3,6,vida nocturna,cultura
Medellin,20,1685914,1,3,5,vida nocturna,deporte
Medellin,15,1521019,1,3,6,vida nocturna,cultura
Medellin,11,1029348,1,2,5,vida nocturna,deporte